{"test_mae": 0.08539919555187225, "val_scores": [0.20947407186031342, 0.1719401478767395, 0.15424297749996185, 0.1507948786020279, 0.13505834341049194, 0.15171490609645844, 0.12950560450553894, 0.13132117688655853, 0.12387149780988693, 0.12041880935430527, 0.1192961111664772, 0.11781271547079086, 0.11647506803274155, 0.11058218032121658, 0.10721956193447113, 0.10945053398609161, 0.10686169564723969, 0.1054326593875885, 0.10580537468194962, 0.10590974986553192, 0.106776662170887, 0.10916847735643387, 0.1030435562133789, 0.09852559864521027, 0.1035011038184166, 0.09809549897909164, 0.09709338843822479, 0.09865960478782654, 0.09727738052606583, 0.09611561894416809, 0.09407961368560791, 0.0972277969121933, 0.09608535468578339, 0.09410785883665085, 0.09291500598192215, 0.09351659566164017, 0.09140796214342117, 0.09008179605007172, 0.08964797109365463, 0.08881326764822006, 0.0882180780172348, 0.08779238909482956, 0.08871365338563919, 0.08693745732307434, 0.08918639272451401, 0.0854843407869339, 0.08564900606870651, 0.08669239282608032, 0.08458911627531052, 0.0855538621544838, 0.08397778123617172, 0.08598802238702774, 0.08516964316368103, 0.08301448076963425, 0.08271343261003494, 0.08474941551685333, 0.08338110148906708, 0.08265214413404465, 0.08094803988933563, 0.08124393224716187, 0.08010316640138626, 0.0824088603258133, 0.08020609617233276, 0.08129004389047623, 0.07930932939052582, 0.08032434433698654, 0.08128248155117035, 0.07960768789052963, 0.07962386310100555, 0.08005106449127197, 0.07961151003837585, 0.0789550244808197, 0.07953574508428574, 0.07913876324892044, 0.07932690531015396, 0.07891658693552017, 0.07920130342245102, 0.0791948214173317, 0.07937241345643997, 0.07929649949073792, 0.07935789972543716, 0.07942257821559906, 0.07940433919429779, 0.07935215532779694, 0.07941393554210663, 0.07946905493736267, 0.07940823584794998, 0.07959932833909988, 0.07966919243335724, 0.0794239342212677, 0.07958205044269562, 0.07958874851465225, 0.07951128482818604, 0.07951107621192932, 0.07952428609132767, 0.07951587438583374, 0.07951178401708603, 0.07954046130180359, 0.07954391837120056, 0.07953807711601257], "train_scores": [1.0037843155013495, 0.4916861380211558, 0.4220752777902125, 0.3847972206721274, 0.3585691671893645, 0.3353018792315702, 0.3166702962717566, 0.30364607112781, 0.29185551873029825, 0.2837131907313518, 0.275476515636664, 0.2682992750984562, 0.25894475640240594, 0.25427118168497864, 0.2455311064875893, 0.24017753474249734, 0.23719940392531305, 0.2317282309850515, 0.22730200170153728, 0.22536352727701753, 0.21962597764362862, 0.21632160584189133, 0.21296766101168854, 0.21012647325436046, 0.20533856019506536, 0.20422346924326948, 0.2006153656414904, 0.19832401152245707, 0.19471496181861353, 0.19087444798346326, 0.1884544556038982, 0.18633474806085673, 0.18358072133217718, 0.18131223213603928, 0.18062780753822996, 0.1761562589495143, 0.17437658558432353, 0.17109096266408017, 0.16874267656166433, 0.1671723548705823, 0.1635025454672567, 0.162319408928283, 0.15816860896509274, 0.15604626003019403, 0.15400713229843566, 0.1517890806987123, 0.14828782173644797, 0.14607964691551228, 0.14412823806836214, 0.14047532642437333, 0.13921588782389271, 0.13658840705235342, 0.1334074547480323, 0.13035586741855806, 0.12800902303569484, 0.1260265616215157, 0.12332402742275472, 0.12034489364004501, 0.11787156339137171, 0.11548714739817134, 0.1130134147036316, 0.11088832830661312, 0.1075136817340434, 0.10486787565474781, 0.10232436987611677, 0.09972757923414109, 0.09730633918650441, 0.09468498534373546, 0.09238161510223385, 0.08999388989894924, 0.08736772623761244, 0.08481608089650056, 0.08244480599902435, 0.08025854673526472, 0.07781051158346773, 0.07550160781150249, 0.07336452770101463, 0.07131242589608164, 0.06918613504579042, 0.06729614751468932, 0.06539686953543357, 0.06364082480269939, 0.06174734277752703, 0.06009240173998644, 0.05840317445103076, 0.056936062292681645, 0.05550164957848395, 0.05425884767894443, 0.053004366287551855, 0.05195442443815535, 0.05092356353819256, 0.05008814058031289, 0.04932430452388943, 0.048631237447619664, 0.04808418521627168, 0.047578655045540375, 0.047225217661470545, 0.04695920135886708, 0.04675361067843941, 0.04667927224929807]}